NO,TIME_MS,V,A,W
0,0.0,3.798668,0.1022031,0.38823564547080003
1,118.322,3.79883,0.002107297,0.008005263062510001
2,242.008,3.799006,0.001492628,0.0056705027277679995
3,366.714,3.799203,0.001457953,0.0055390594114589995
4,490.219,3.799417,0.001040564,0.0039535365511879994
5,614.2760000000001,3.799651,0.00103897,0.00394772339947
6,739.0250000000001,3.799695,0.0003059331,0.0011624524704045
7,863.2109999999999,3.799741,0.0003013672,0.0011451173058952
8,981.211,3.799752,0.000293657,0.001115823773064
9,1105.2269999999999,3.799723,0.06372043,0.24211998344089
10,1229.317,3.799708,0.07756448,0.29472237517184
11,1354.208,3.799724,0.08990438,0.34161183039112003
12,1477.861,3.799721,0.08727384,0.33161624259864003
13,1601.8,3.799745,0.08728793,0.33167187557785
14,1726.605,3.799779,0.1574348,0.5982174469092001
15,1850.335,3.799779,0.0980594,0.3726040488726
16,1968.693,3.799753,0.06600875,0.25081694583875
17,2092.8,3.799732,0.065959,0.25062652298800003
18,2216.7129999999997,3.799704,0.06384297,0.24258438848088001
19,2341.507,3.799685,0.06083639,0.23115911853715
20,2465.7309999999998,3.799675,0.06085242,0.2312194189635
21,2589.515,3.79965,0.06158675,0.23400809463750002
22,2707.338,3.799667,0.06077846,0.23093790877282
23,2832.038,3.799694,0.06078617,0.23096884543198
24,2955.6200000000003,3.799714,0.06037292,0.22939982934487999
25,3080.5679999999998,3.799733,0.05999559,0.22796722317747
26,3204.863,3.799754,0.07378989,0.28038342968706
27,3328.181,3.799771,0.07333739,0.27866528773769
28,3446.415,3.799762,0.07727588,0.29362995234056
29,3572.2870000000003,3.799765,0.0673182,0.255793340223
30,3696.463,3.799758,0.06950443,0.26410001392794
31,3821.4269999999997,3.799784,0.07507953,0.28528599682152
32,3947.304,3.799785,0.08091242,0.3074497998297
33,4071.606,3.79977,0.08128652,0.3088700801004
34,4195.255999999999,3.799787,0.08346005,0.31713041300934997
35,4320.113,3.799777,0.08243553,0.31323663087681003
36,4443.837,3.799778,0.07146388,0.27154687901863994
37,4567.621,3.799748,0.07223125,0.274460547725
38,4687.604,3.799756,0.07221165,0.2743866503574
39,4812.498,3.799748,0.07064784,0.26844398874432
40,4936.019,3.79975,0.07218193,0.2742732885175
41,5060.489,3.799739,0.07220153,0.27434696940067
42,5186.289000000001,3.79974,0.0722365,0.27447991851
43,5311.211,3.799735,0.07227264,0.2746168797504
44,5428.748,3.799722,0.07225024,0.27453082643328
45,5546.8,3.79974,0.07333416,0.2786507411184
46,5671.107,3.799748,0.07240311,0.27511357241628004
47,5795.0419999999995,3.799775,0.07235319,0.27492584253225
48,5919.125,3.799776,0.07205357,0.27378742600031997
49,6043.535000000001,3.799794,0.07293314,0.27713090777315996
50,6167.4439999999995,3.799798,0.07241819,0.27517449352561996
51,6292.384,3.799811,0.07239846,0.27510046469106
52,6416.035,3.799796,0.07236568,0.27497482140128005
53,6533.754,3.799794,0.07240509,0.27512442655146
54,6658.139,3.799773,0.07241371,0.27515566008783005
55,6782.6269999999995,3.799763,0.07242702,0.27520551079626
56,6900.277,3.799734,0.07241186,0.27514580644523995
57,7024.295999999999,3.799742,0.07242422,0.27519335055124
58,7149.42,3.799765,0.07313516,0.2778964212374
59,7273.466,3.799782,0.07236585,0.27497445424469996
60,7391.319,3.799788,0.07232545,0.2748213770046
61,7508.981000000001,3.799787,0.07231739,0.27479067839592997
62,7626.674999999999,3.799781,0.07235767,0.27494329967027
63,7751.241,3.799775,0.07235905,0.27494810921374996
64,7875.766,3.799759,0.08683254,0.32994272535786
65,7999.254,3.799726,0.07379958,0.28041818291508
66,8123.851000000001,3.799729,0.08668372,0.32937464471188005
67,8248.114,3.799723,0.0869706,0.3304641891438
68,8371.983999999999,3.799704,0.08656742,0.32893057204368004
69,8496.245,3.799711,0.08658375,0.32899322729624997
70,8621.012999999999,3.799719,0.07435696,0.28253555369424
71,8744.785,3.799747,0.09728838,0.36967123003985997
72,8863.071,3.799731,0.08684783,0.32999839193373
73,8980.633,3.799732,0.08507253,0.32325281456196
74,9105.418,3.799724,0.09061058,0.34429519547992
75,9229.491,3.799747,0.08959274,0.34042974503678003
76,9353.739,3.799717,0.08634386,0.32808223268761993
77,9477.465,3.799746,0.09966995,0.37872049383269996
78,9602.073,3.799763,0.1452851,0.5520489474313
79,9719.656,3.799764,0.1965675,0.7469101100700001
80,9843.745,3.799742,0.2156733,0.8195028962886001
81,9968.58,3.799736,0.1970177,0.7486152473272
82,10086.063,3.799736,0.1970545,0.7487550776119999
83,10204.043,3.799737,0.1758017,0.6680002241529001
84,10328.251,3.799743,0.1837198,0.6980880240113999
85,10454.065,3.799762,0.08741792,0.33216729053503996
86,10578.776,3.799806,0.08739039,0.33206652826433997
87,10702.672,3.799783,0.09020913,0.34277511861879
88,10826.601,3.799796,0.08660813,0.32909322594148005
89,10951.125,3.799769,0.08533485,0.32425271764965
90,11075.823,3.799759,0.08203235,0.31170316020365
91,11199.112,3.799718,0.08354361,0.31744215870198
92,11324.153,3.799752,0.08380442,0.31843601250384
93,11448.230000000001,3.799751,0.08542316,0.32458673763316
94,11572.590999999999,3.79978,0.08645693,0.32851731347540003
95,11691.966,3.799762,0.08612117,0.32723994916154
96,11815.975,3.799765,0.08453497,0.32121302028205
97,11940.625,3.799746,0.08669513,0.32941947343697997
98,12064.367,3.799723,0.0846028,0.3214672050244
99,12188.454,3.799702,0.08498595,0.3229212841869
100,12312.851999999999,3.79972,0.08556379,0.32511844413880003
101,12430.845,3.799729,0.08649699,0.32866512131571
102,12554.846,3.799732,0.0865458,0.3288508457256
103,12679.379,3.799741,0.08652086,0.32875685909726005
104,12803.456,3.799731,0.08651655,0.32873961704805
105,12928.161,3.799734,0.08791413,0.33405030884141995
106,13045.964,3.799731,0.08480504,0.32223633944424
107,13170.264,3.799734,0.08403982,0.31932896140788
108,13294.411,3.79971,0.08317511,0.3160412972181
109,13419.029999999999,3.799722,0.08593595,0.3265327198059
110,13545.033,3.799708,0.08713342,0.33108155304136
111,13668.578,3.799687,0.08653985,0.32882434302695
112,13793.303999999998,3.799696,0.09020849,0.34276483861904
113,13911.114,3.79972,0.0874653,0.332343649716
114,14029.264,3.799736,0.08851954,0.33635088284143994
115,14147.019,3.799759,0.09318598,0.35408426617882
116,14271.381,3.799805,0.08540227,0.32451197255735004
117,14395.577,3.799801,0.08537973,0.32442598343373
118,14519.751,3.799782,0.08618406,0.32748063987492004
119,14643.652,3.799794,0.09389994,0.35680042861236
120,14767.654,3.799775,0.09244985,0.35128862878375
121,14892.201000000001,3.799756,0.08530513,0.32413867954828
122,15016.308,3.799727,0.08964679,0.34063332842633
123,15140.661,3.799751,0.08599065,0.32674305832815004
124,15265.136,3.799725,0.0853062,0.324140100795
125,15382.435,3.799723,0.08571821,0.32570545405583
126,15506.482,3.799741,0.08568487,0.32558031361867
127,15630.751,3.79974,0.08679765,0.32980850261100003
128,15755.43,3.799715,0.0856452,0.32542735111800003
129,15879.298,3.799712,0.09166849,0.34831386147488
130,16003.473,3.799723,0.0852543,0.32394272455890005
131,16128.051,3.7997,0.08412748,0.319659185756
132,16251.868999999999,3.799696,0.08683577,0.32994952792592
133,16376.739000000001,3.799714,0.09134176,0.34707256425663996
134,16494.106,3.799711,0.08561031,0.32529443662040997
135,16618.8,3.79972,0.08712006,0.3310318343832
136,16742.979,3.799752,0.0862379,0.3276826330008
137,16867.074,3.799793,0.08808191,0.33469302504463
138,16991.496000000003,3.799827,0.08708345,0.33090204456315003
139,17115.113999999998,3.799856,0.08972669,0.34094850135664
140,17240.093,3.799865,0.08927636,0.3392381156914
141,17364.104,3.799827,0.09283342,0.35275093581834
142,17482.336,3.799824,0.09283114,0.35274199371936005
143,17606.359,3.799819,0.09491542,0.36066141630897997
144,17730.735,3.7998,0.09453356,0.359208621288
145,17854.513,3.799773,0.08906249,0.33841724481477
146,17972.625,3.799773,0.09252027,0.35155602389871
147,18089.837,3.799741,0.08893801,0.33794140305541
148,18207.872,3.799697,0.08697382,0.33047416293254
149,18332.064,3.79969,0.09043656,0.3436308926664
150,18456.115,3.799711,0.08857813,0.33657129492043003
151,18580.915999999997,3.799717,0.08736429,0.33195957790592995
152,18705.311999999998,3.79974,0.08533183,0.32423876772419996
153,18827.342,3.799759,0.08776208,0.33347475333872
154,18952.011,3.799757,0.09366648,0.35590986304536
155,19075.977000000003,3.799757,0.09082402,0.34510920576314
156,19200.342,3.799773,0.09248818,0.35143408918314
157,19323.887,3.799772,0.09342936,0.35501026610592
158,19449.034,3.799764,0.08520024,0.32374080474336
159,19572.755999999998,3.799795,0.08846721,0.33615726222195
160,19697.256,3.799779,0.08933386,0.33944892521694
161,19821.34,3.799791,0.09411725,0.35762587949475
162,19945.838,3.799777,0.09538385,0.36243735940145005
163,20062.941,3.79979,0.09345046,0.35509212340339996
164,20181.775999999998,3.799786,0.0917794,0.3487420792084
165,20305.905,3.799809,0.09264132,0.35201932150788
166,20429.268,3.799806,0.08492371,0.32269362280026
167,20554.25,3.799835,0.09056772,0.34414239232620003
168,20678.598,3.799829,0.09287477,0.35290824441433
169,20802.813000000002,3.799816,0.09290893,0.35303683875687997
170,20920.639000000003,3.799795,0.09242077,0.35117997974215
171,21038.095999999998,3.799789,0.08743343,0.33222858554627005
172,21162.018,3.799759,0.08578993,0.32598105862687
173,21286.729,3.799757,0.09066097,0.34448965538429
174,21411.119,3.799764,0.06933084,0.26344082992176004
175,21534.626,3.799743,0.06872824,0.26114964884232
176,21653.304,3.799747,0.06826282,0.25938144550654
177,21777.366,3.799775,0.09358938,0.3556185863895
178,21901.772999999997,3.799784,0.06797207,0.25827918403287997
179,22026.078999999998,3.799792,0.07044216,0.26766555603072
180,22150.122,3.799811,0.06802419,0.25847906542809
181,22274.065,3.79982,0.08887813,0.3377208959366
182,22397.929,3.799802,0.06786352,0.25786793902304
183,22522.824,3.799812,0.06896902,0.26206930982424004
184,22646.66,3.799797,0.07877938,0.29934565178586
185,22764.683,3.799822,0.06795721,0.25822530161662
186,22889.313000000002,3.799828,0.06793839,0.25815419659692
187,23012.829,3.799833,0.06879349,0.26140377348717
188,23131.002,3.799835,0.06815104,0.25896270707839997
189,23255.497,3.799842,0.06785383,0.25783383309486
190,23379.635000000002,3.799822,0.06942453,0.26380085643365997
191,23503.244,3.799783,0.06798434,0.25832573939822
192,23627.599,3.79975,0.0684237,0.259992954075
193,23752.379999999997,3.799723,0.06790272,0.25801152694656
194,23870.139000000003,3.799709,0.06788484,0.25794263751156
195,23994.216,3.799712,0.06837869,0.25981932893728005
196,24117.983,3.799715,0.06924383,0.26310681950845
197,24242.932,3.799744,0.06809957,0.25876093251008
198,24366.782,3.79973,0.06807691,0.2586738772343
199,24491.25,3.799756,0.06808665,0.25871265685739997
200,24615.504999999997,3.799748,0.0690108,0.2622236492784
201,24739.069,3.799776,0.06950056,0.26408655987456003
202,24863.884,3.799788,0.06793912,0.25815425290656
203,24981.740999999998,3.799827,0.06798232,0.25832105505864
204,25105.654000000002,3.799824,0.0684853,0.2602320865872
205,25229.891,3.799818,0.06807114,0.25865794305252005
206,25354.105,3.799795,0.06809027,0.25872906749464997
207,25478.199,3.799782,0.06758763,0.25681825989665996
208,25596.57,3.799737,0.06811249,0.25880954841513
209,25720.953999999998,3.799706,0.06847238,0.26017491312028
210,25844.346999999998,3.799712,0.06785814,0.25784138885568
211,25968.451,3.799699,0.06784784,0.25780136980016
212,26093.016,3.799717,0.06918719,0.26289174202522997
213,26217.339,3.799732,0.06875473,0.26124954773236003
214,26342.597,3.799752,0.0678549,0.2578317919848
215,26467.725000000002,3.799733,0.0678459,0.2577963051447
216,26591.529000000002,3.799754,0.06810603,0.25878615991662
217,26709.834000000003,3.799722,0.07064698,0.26843888413956
218,26834.430999999997,3.799706,0.06747434,0.25638265454403997
219,26958.510000000002,3.799698,0.06785125,0.2578142589225
220,27082.565,3.799709,0.06788532,0.25794446137188
221,27206.365,3.799698,0.06869076,0.26100414339048
222,27331.164999999997,3.799696,0.06807394,0.25866027752224
223,27448.647999999997,3.799716,0.06774054,0.25739481368664
224,27573.458,3.79973,0.06804939,0.2585693086647
225,27697.18,3.799715,0.0680698,0.258645840107
226,27821.584000000003,3.799713,0.07053671,0.26801925396423004
227,27939.761000000002,3.799714,0.06832679,0.25962226053806
228,28063.991,3.799692,0.06947837,0.26399640666204
229,28187.745,3.799679,0.06779783,0.25760999089657
230,28311.647,3.799708,0.06872328,0.26112839680224
231,28436.039999999997,3.799702,0.06810043,0.25876134007186
232,28560.780000000002,3.799702,0.06808376,0.25869799903951995
233,28684.278,3.799723,0.06809935,0.25875866648005
234,28809.299,3.799722,0.06881762,0.26148782470164
235,28927.061999999998,3.799734,0.06779417,0.25759981275078
236,29051.168,3.799749,0.06782325,0.25771132636425
237,29175.303,3.799794,0.06817344,0.25904502827136
238,29299.306,3.799805,0.06820726,0.25917428758430006
239,29423.806,3.799842,0.06947687,0.26400112865454
240,29548.019,3.799844,0.0677259,0.25734785475960004
241,29671.727,3.799853,0.06818809,0.25910471835077004
242,29797.088,3.799801,0.06820691,0.25917268482490996
243,29922.896,3.799814,0.06778987,0.25758889708418004
244,30048.435,3.799779,0.06946675,0.26395829784825
245,30175.023,3.799778,0.06789131,0.25797190612918
246,30300.431,3.79976,0.06873987,0.26119500843119997
247,30425.010000000002,3.799805,0.06814738,0.2589467552609
248,30551.510000000002,3.799773,0.06776919,0.25750753839387003
249,30677.365,3.799772,0.06961492,0.26452082379824
250,30796.602,3.799753,0.0686352,0.2607968071056
251,30915.992,3.799774,0.0680972,0.2587539700328
252,31042.542999999998,3.799771,0.0888202,0.3374964201742
253,31166.394,3.799778,0.08631759,0.32798767949502
254,31291.511,3.799777,0.08707871,0.33087967944767005
255,31411.066000000003,3.799754,0.08993841,0.34174383315114
256,31536.707,3.799736,0.08899315,0.33815047580839996
257,31663.041,3.799709,0.09205701,0.34978984941009
258,31788.646,3.799719,0.091034,0.345903619446
259,31914.622000000003,3.79971,0.09586284,0.3642509917764
260,32040.469999999998,3.799745,0.08584937,0.32620571441065
261,32165.303,3.799713,0.09460959,0.35948928904766997
262,32289.374000000003,3.799714,0.06841336,0.25995120177904
263,32416.055,3.799697,0.06838761,0.25985219655417
264,32541.432,3.799699,0.06839278,0.25987197777322
265,32667.453999999998,3.799659,0.06778146,0.25754643452214
266,32793.984000000004,3.799698,0.06849284,0.26025210716232
267,32921.912,3.799725,0.06787235,0.25789626510374997
268,33047.548,3.799735,0.06789079,0.25796701094065005
269,33174.163,3.799765,0.06952769,0.26418888299285
270,33299.481,3.799811,0.06887835,0.26172471199185005
271,33426.298,3.799826,0.06789949,0.25800624748874
272,33552.284999999996,3.799824,0.06787615,0.25791742379759997
273,33678.604,3.799817,0.06790195,0.25801498394315003
274,33804.456,3.799796,0.07017316,0.26664369267536003
275,33932.474,3.799772,0.06807975,0.258687527817
276,34058.596000000005,3.799763,0.0680328,0.25850851622640003
277,34186.557,3.79975,0.06797186,0.258276075035
278,34312.359000000004,3.799784,0.0684349,0.2600378380616
279,34437.874,3.79979,0.06780968,0.25766254396719995
280,34564.405999999995,3.799792,0.06809052,0.25872981317184
281,34690.235,3.799776,0.06808656,0.25871367661056
282,34814.23499999999,3.799751,0.06804124,0.25853976973124004
283,34938.234000000004,3.799742,0.06807303,0.25865995115826
284,35064.234,3.799741,0.06801876,0.25845367114115997
285,35190.128000000004,3.799763,0.06804866,0.25856878046758
286,35314.367,3.799755,0.06800571,0.25840503660105
287,35438.484000000004,3.799781,0.06799477,0.25836523514536996
288,35563.498,3.799755,0.06859578,0.2606471580339
289,35687.197,3.799741,0.06791069,0.25804303313129
290,35811.135,3.799726,0.06790806,0.25803202119156005
291,35935.512,3.799722,0.0678783,0.25791866983260003
292,36060.288,3.799703,0.06818227,0.25907237586581
293,36184.237,3.799695,0.06816319,0.25899933222704996
294,36308.731,3.799713,0.06817232,0.25903525054416
295,36432.702999999994,3.799682,0.06780602,0.25764131368563997
296,36556.73,3.799693,0.06784225,0.25777972242925
297,36681.049999999996,3.799698,0.06821135,0.2591825301723
298,36799.123999999996,3.799737,0.06876937,0.26130551965569
299,36916.501,3.799736,0.0694185,0.26377197351599996
300,37035.191,3.799766,0.06788743,0.25795634834138
301,37159.349,3.799759,0.06816009,0.25899191541831
302,37283.683000000005,3.799748,0.067831,0.257740706588
303,37407.936,3.799745,0.06783772,0.2577660373814
304,37531.42600000001,3.799706,0.06813338,0.25888681278627995
305,37649.445,3.799717,0.06976999,0.26510621709283
306,37773.819,3.799732,0.06760012,0.25686233916784
307,37898.457,3.799724,0.06868689,0.26099122441836
308,38022.066,3.799711,0.0747218,0.2839212453998
309,38146.856999999996,3.799729,0.06817172,0.25903406146388
310,38270.493,3.799719,0.06786137,0.25785413695503
311,38395.024999999994,3.79972,0.06842025,0.25997779233
312,38519.345,3.799742,0.06840617,0.25992579720814
313,38643.371,3.799751,0.0683755,0.2598098745005
314,38767.237,3.799778,0.06797508,0.25829021353223997
315,38892.053,3.799796,0.06865113,0.26086028916948
316,39016.542,3.799782,0.07493716,0.28474487169912
317,39139.907,3.799794,0.08580866,0.32605523141604
318,39264.998,3.799777,0.08776703,0.33349514195231
319,39389.049999999996,3.799786,0.08937952,0.33962304878272004
320,39513.475999999995,3.799772,0.08820273,0.33515026377755996
321,39637.403,3.799782,0.08967005,0.3407266419291
322,39761.263,3.799794,0.1290939,0.4905302266566
323,39885.896,3.799783,0.08935411,0.33952622815813
324,40003.147,3.799752,0.0893585,0.339540139092
325,40121.041,3.799733,0.08817452,0.33503963340316
326,40245.645000000004,3.799723,0.08885466,0.33762309525918005
327,40370.215000000004,3.799716,0.08707785,0.3308710998906
328,40494.485,3.799745,0.08711748,0.3310242090426
329,40617.964,3.799731,0.08861797,0.33672444776607
330,40742.266,3.799772,0.08865411,0.33686540486292
331,40860.763,3.799773,0.08707333,0.33085888835409
332,40978.412,3.799766,0.08980983,0.34125633849978
333,41102.753,3.799755,0.0878114,0.33366180620700003
334,41226.784999999996,3.799802,0.08921907,0.33901480062414
335,41351.05,3.799775,0.09173525,0.34857330956875
336,41475.454999999994,3.7998,0.08659735,0.32905261053
337,41593.475,3.799788,0.08940192,0.33970834279295997
338,41717.512,3.799768,0.08845127,0.33609430530536
339,41842.025,3.79975,0.0890317,0.338298202075
340,41965.595,3.799748,0.08795204,0.33419558808592
341,42090.338,3.799731,0.08964529,0.34062798741699
342,42214.312999999995,3.799731,0.08964421,0.34062388370751
343,42338.602999999996,3.79975,0.08744571,0.3322718365725
344,42463.096999999994,3.799762,0.08746798,0.33235750662075997
345,42586.865000000005,3.799761,0.08873621,0.33717639004581
346,42705.089,3.799766,0.08799081,0.33434448815046003
347,42829.231,3.799793,0.08831666,0.33558502645138005
348,42952.901,3.799801,0.08961923,0.34053523977322997
349,43071.516,3.799805,0.08896794,0.3380608232517
350,43195.630000000005,3.799821,0.09012362,0.34245362387202
351,43319.861000000004,3.799805,0.08818679,0.33509260557595
352,43443.337999999996,3.799805,0.08820665,0.33516806970325
353,43568.052,3.799782,0.08816005,0.33498897110910003
354,43692.159,3.799768,0.08884712,0.33759844346816
355,43816.43,3.799746,0.08744204,0.33225754172183997
356,43940.599,3.79976,0.08803841,0.3345248287816
357,44065.350000000006,3.799751,0.08808734,0.33470995825234
358,44189.608,3.799783,0.08887728,0.33771437763024004
359,44313.505999999994,3.799783,0.08776186,0.33347602367638
360,44437.956,3.799806,0.08711188,0.33100824429528
361,44562.123,3.799831,0.08798607,0.33433219635417
362,44685.682,3.799822,0.09003597,0.34212065959734
363,44810.653000000006,3.799819,0.08828651,0.33547275814169
364,44934.051,3.799803,0.08749545,0.33246547339635
365,45050.953,3.799786,0.08783057,0.33373737025801997
366,45174.421,3.79976,0.0881532,0.334961003232
367,45298.506,3.799769,0.0891144,0.33861413457359996
368,45423.245,3.799763,0.09048072,0.34380529206936
369,45547.916,3.799774,0.08724175,0.33149893336450004
370,45665.235,3.799782,0.08823612,0.33527802052584
371,45790.019,3.799786,0.08859988,0.33666058362568
372,45914.136,3.799779,0.09084878,0.34520528641962
373,46037.718,3.799762,0.08766194,0.33309450845828
374,46162.354999999996,3.799787,0.08846807,0.33615982230109
375,46286.44,3.799782,0.08876269,0.33727887173358
376,46410.286,3.799794,0.08759324,0.33283626779256
377,46534.867,3.799764,0.08864079,0.33681408277356
378,46658.794,3.799778,0.08859462,0.33663988799436
379,46783.549,3.799747,0.0901807,0.34266384428290003
380,46907.169,3.799746,0.0888398,0.3375686746908
381,47031.522000000004,3.799717,0.09226786,0.35059175619561994
382,47150.064999999995,3.799737,0.09282179,0.35269838986923
383,47267.389,3.799739,0.09359648,0.35564219531872
384,47385.704,3.799757,0.09358881,0.35561473591917
385,47509.246,3.799769,0.09102581,0.34587705103789
386,47634.272000000004,3.799757,0.1433913,0.5448520959141
387,47758.117,3.799765,0.1538741,0.5846854195865
388,47882.492999999995,3.799768,0.1442457,0.5481001949976
389,48006.374,3.799741,0.1463258,0.5560001416178
390,48130.493,3.799735,0.1430192,0.543435059912
391,48254.921,3.799741,0.1244861,0.47301493810010004
392,48379.504,3.799736,0.1271466,0.48312351329759995
393,48503.551,3.799683,0.1250723,0.4752350920809
394,48627.182,3.79971,0.1342891,0.510259636161
395,48751.587999999996,3.7997,0.1403755,0.53338478735
396,48876.457,3.799706,0.3239037,1.2307388323122002
397,49000.183,3.799673,0.3272859,1.2435793975107001
398,49124.960999999996,3.799704,0.3250913,1.2352507129752002
399,49249.296,3.79968,0.3202555,1.21686841824
400,49373.164000000004,3.799666,0.3233263,1.2285319490158002
401,49496.778999999995,3.799655,0.3223798,1.224932018969
402,49621.305,3.799679,0.3247831,1.2340715246248999
403,49746.049,3.799715,0.3266792,1.241287856428
404,49869.728,3.79972,0.3291659,1.250738253548
405,49993.541,3.799753,0.3365393,1.2787662147929
406,50117.8,3.799778,0.3361204,1.2771829012712
407,50242.56,3.799818,0.1483233,0.5636015451594
408,50366.695,3.79982,0.1452627,0.5519721127139999
409,50484.84,3.799829,0.1288538,0.48962240600019996
410,50608.744999999995,3.799809,0.151743,0.576594417087
411,50733.443999999996,3.799805,0.1422197,0.5404071271585
412,50857.803,3.799787,0.0929844,0.35332091432279994
413,50974.778999999995,3.799788,0.09294533,0.35317254959004
414,51099.904,3.799793,0.08923694,0.33908189995342003
415,51223.492,3.799787,0.08389768,0.31879331379416
416,51347.506,3.799774,0.08486018,0.32244950559932
417,51472.15,3.799739,0.08550995,0.32491549190305
418,51595.979,3.799716,0.08354038,0.31742971853208
419,51720.796,3.799696,0.08162271,0.31014148469616
420,51844.481,3.799714,0.08978549,0.34115918334985995
421,51962.886,3.799731,0.09341988,0.35497041405227997
422,52086.981,3.799749,0.1816264,0.6901347317736
423,52211.341,3.799756,0.1646396,0.6255903079376
424,52335.058,3.799772,0.1650316,0.6270824527952
425,52459.097,3.799786,0.1644344,0.6248155310384
426,52583.926,3.799776,0.1762107,0.6695611888032
427,52707.966,3.799779,0.184549,0.701245414671
428,52832.658,3.799793,0.1824342,0.6932121961206
429,52956.332,3.799772,0.1786146,0.6786947558712
430,53073.752,3.799781,0.1769171,0.6722462351551
431,53198.051,3.799805,0.1599962,0.6079543607410001
432,53323.061,3.79978,0.1670725,0.6348387440500001
433,53446.71000000001,3.799751,0.1532422,0.5822822026922
434,53570.617,3.799743,0.1401227,0.5324302484661
435,53695.522,3.799718,0.1761865,0.6694590154069999
436,53813.507,3.79968,0.1507818,0.572922589824
437,53937.369,3.79971,0.1426798,0.542141862858
438,54062.163,3.799719,0.147203,0.559330035957
439,54185.72,3.799748,0.1446941,0.5498011170868
440,54309.979,3.799757,0.1437331,0.5461508528567001
441,54434.814000000006,3.799787,0.1419288,0.5392992091655999
442,54552.519,3.799788,0.1446986,0.5498240038968001
443,54670.376,3.799796,0.1435916,0.5456187873136
444,54794.56,3.799798,0.140755,0.53484056749
445,54918.616,3.799805,0.1431562,0.543965644541
446,55042.86,3.79981,0.1523256,0.578808338136
447,55167.163,3.799829,0.1427429,0.5423986109641
448,55285.485,3.7998,0.1409514,0.53558712972
449,55409.215000000004,3.799789,0.1594908,0.6060313874412
450,55532.935000000005,3.799766,0.1967833,0.7477304927078
451,55657.64,3.79973,0.1929678,0.733225538694
452,55775.5,3.799699,0.1932717,0.7343742852183
453,55899.821,3.799718,0.1884205,0.715944765419
454,56023.614,3.799687,0.2003021,0.7610852854427
455,56148.53200000001,3.799677,0.1938308,0.7364944326516
456,56272.413,3.799692,0.1947207,0.7398786860244
457,56396.602999999996,3.799698,0.2002971,0.7610684902758
458,56520.584,3.799683,0.1912515,0.7266950732745
459,56645.541000000005,3.799712,0.196837,0.747923910944
460,56769.202,3.799726,0.197345,0.74985692747
461,56894.084,3.79974,0.1899556,0.721781891544
462,57017.666,3.799748,0.1977068,0.7512360178863999
463,57142.141,3.799757,0.1878422,0.7137547143453999
464,57266.675,3.799767,0.191438,0.7274197949460001
465,57390.352,3.799781,0.1930977,0.7337289716037
466,57514.477,3.799801,0.1955546,0.7430685646346
467,57632.316000000006,3.799797,0.1981288,0.7528492198536
468,57757.354,3.799805,0.1915378,0.727806290129
469,57881.293,3.799792,0.1930029,0.7333708753968
470,58005.789,3.79976,0.1949507,0.740765871832
471,58129.949,3.799709,0.1968096,0.7478192084064
472,58253.721,3.799681,0.1893754,0.7195661092474
473,58378.134000000005,3.799685,0.1942473,0.7380785521005001
474,58495.962,3.799698,0.1977777,0.7514955311346
475,58620.377,3.799726,0.1927505,0.732399086363
476,58744.21,3.799767,0.1875336,0.7125839846712
477,58868.543000000005,3.799801,0.1991134,0.7565912964334
478,58992.729,3.799799,0.1898768,0.7214936747632
479,59110.531,3.799802,0.1941838,0.7378599916076
480,59234.424,3.799805,0.1957076,0.743650717018
481,59359.017,3.799786,0.1967133,0.7474684433538
482,59483.545999999995,3.799793,0.1953701,0.7423659383893
483,59607.134000000005,3.799793,0.1962845,0.7458404691085
484,59731.732,3.7998,0.1957534,0.7438237693199999
485,59855.479,3.799785,0.1940981,0.7375310489085
486,59980.05100000001,3.799822,0.1892641,0.7191698909901999
487,60104.077,3.79982,0.1922959,0.730689806738
488,60222.58,3.799828,0.1938371,0.7365476400188001
489,60346.632,3.799835,0.1873593,0.7119344257155
490,60471.072,3.799841,0.1931365,0.7338879912965
491,60595.32,3.79981,0.1980166,0.7524254568459999
492,60718.962,3.799816,0.1947013,0.7398291149608
493,60843.051,3.799825,0.1936503,0.7358372511975
494,60961.491,3.799832,0.1936396,0.7357979485471999
495,61085.524,3.799817,0.1936007,0.7356472310719
496,61209.914,3.79981,0.1897026,0.720833836506
497,61333.508,3.799814,0.1983002,0.7535038761628
498,61458.318,3.799806,0.1919575,0.729401260245
499,61576.307,3.799775,0.1944903,0.7390193796825
500,61700.47,3.799803,0.196241,0.7456771405229999
501,61824.146,3.799801,0.1939531,0.7369831833331
502,61948.952,3.799782,0.1899808,0.7218856241856
503,62073.057,3.799767,0.1935198,0.7353301498866
504,62197.007999999994,3.799788,0.2246347,0.8535642374436
505,62321.058,3.799783,0.2397251,0.9109033596533
506,62445.755,3.799803,0.2258623,0.8582322451268999
507,62569.718,3.799793,0.231449,0.879458290057
508,62687.990999999995,3.799808,0.2255771,0.8571496691968
509,62812.073,3.799811,0.224059,0.851381852849
510,62936.736000000004,3.79982,0.229876,0.87348742232
511,63054.073000000004,3.799835,0.2287304,0.869137779484
512,63171.804000000004,3.799865,0.2283294,0.867620895531
513,63295.998,3.79987,0.229478,0.87198656786
514,63420.842,3.799857,0.2329286,0.8850953712102
515,63542.431000000004,3.799859,0.2294243,0.8717799911737
516,63667.136999999995,3.799845,0.2280319,0.8664858750555
517,63791.234000000004,3.79983,0.2247611,0.8540539706129999
518,63909.104,3.799808,0.2250353,0.8550909332224
519,64033.771,3.799814,0.2675584,1.0166721541375998
520,64157.888999999996,3.799782,0.1211405,0.46030749137099997
521,64281.522,3.799798,0.1201059,0.4563781586082
522,64406.251,3.799804,0.1970004,0.7485629079216
523,64530.461,3.799815,0.1167443,0.4436067423045
524,64654.562,3.799818,0.1170267,0.4446801611406
525,64778.497,3.799855,0.1129706,0.429271899263
526,64903.022000000004,3.79982,0.1521862,0.5782801664839999
527,65026.950999999994,3.799836,0.1425141,0.5415302076876
528,65151.303,3.79983,0.1222277,0.46444448129099997
529,65275.532,3.799807,0.1182722,0.44941153346539997
530,65400.052,3.799801,0.1179901,0.4483388999701
531,65517.453,3.799843,0.1169828,0.4445162737004
532,65642.438,3.799858,0.1205168,0.45794672661439995
533,65766.02200000001,3.799879,0.1183801,0.4498300560079
534,65889.944,3.799885,0.1193338,0.453454716613
535,66008.414,3.799856,0.1151853,0.43768755331680004
536,66132.622,3.799822,0.1204942,0.45785651203239996
537,66256.94,3.799797,0.1142292,0.4340477714724
538,66381.447,3.799766,0.1147405,0.435987050723
539,66505.347,3.799768,0.1133016,0.4305197940288
540,66629.01,3.799799,0.1197322,0.4549582938278
541,66747.52100000001,3.799804,0.1179623,0.44823361938920003
542,66871.859,3.799809,0.1189465,0.4519739812185
543,66995.956,3.799835,0.1171148,0.445016916058
544,67113.181,3.799825,0.2035109,0.7733058055925
545,67238.049,3.799819,0.2063322,0.7840250138717999
546,67362.079,3.799828,0.2459504,0.9345692165312001
547,67485.994,3.799803,0.2625292,0.9975592417476
548,67608.827,3.799796,0.2538825,0.9647017079700001
549,67733.109,3.799799,0.3000242,1.1400316551358
550,67857.18400000001,3.799788,0.1212904,0.46087780643520004
551,67981.048,3.799793,0.1159081,0.4404267870233
552,68105.732,3.799814,0.1196463,0.4546336857882
553,68230.249,3.799814,0.1869885,0.710521520139
554,68354.269,3.799816,0.1618196,0.6148847051936001
555,68476.591,3.799845,0.2058946,0.782367566337
556,68594.51199999999,3.799799,0.191163,0.726380976237
557,68718.612,3.799781,0.1875986,0.7128335959066
558,68842.5,3.799774,0.2038326,0.7745178138324
559,68966.916,3.799772,0.1950823,0.7412682612356
560,69085.103,3.799745,0.1862327,0.7076367706615
561,69209.337,3.799794,0.1826091,0.6938769625254
562,69333.57100000001,3.799795,0.1798048,0.683221380016
563,69457.121,3.799819,0.1946968,0.7398125998792
564,69581.538,3.799821,0.1924585,0.7313078499285001
565,69706.49,3.799822,0.2006508,0.7624373241575999
566,69829.955,3.799759,0.2016238,0.7661218486642
567,69954.47799999999,3.799786,0.2220707,0.8438211368702001
568,70078.443,3.799759,0.3143731,1.1945420160829001
569,70202.804,3.799762,0.2210255,0.8398442959310001
570,70327.01400000001,3.799758,0.2077804,0.7895152371432
571,70445.588,3.799772,0.2091926,0.7948841840872
572,70569.691,3.799732,0.2103306,0.7991999113992001
573,70693.152,3.799746,0.3211644,1.2203431442424
574,70818.039,3.799746,0.2081993,0.7911044573778
575,70942.419,3.799753,0.2099382,0.7977133052645999
576,71066.073,3.799758,0.1935816,0.7355632332528
577,71190.307,3.799773,0.2048305,0.7783094034765
578,71314.689,3.799744,0.2543848,0.9665971174912001
579,71438.731,3.799745,0.1774947,0.6744345988515
580,71563.52699999999,3.799729,0.384969,1.4627778734010002
581,71687.223,3.799754,0.5301751,2.0145349569254
582,71811.59300000001,3.799762,0.1948495,0.740381725819
583,71935.77100000001,3.799791,0.1929971,0.7333486436061
584,72053.97200000001,3.799785,0.1802553,0.6849313851105
585,72177.69099999999,3.799802,0.175294,0.666082491788
586,72301.803,3.799809,0.1752464,0.6659028479376
587,72426.037,3.799811,0.1957222,0.7437073685042
588,72550.305,3.799784,0.1894805,0.719984972212
589,72674.316,3.799795,0.1760317,0.6688843735015001
590,72792.321,3.799779,0.1955426,0.7430186650854
591,72917.329,3.799762,0.1779317,0.6760981122554
592,73041.195,3.799752,0.1983881,0.7538255797512
593,73165.614,3.799737,0.1920376,0.7296923741112
594,73289.131,3.799709,0.2047012,0.7778049919508
595,73414.288,3.799689,0.2063335,0.7840031302815
596,73538.06899999999,3.799702,0.1891355,0.7186585376210001
597,73661.86899999999,3.799691,0.2953938,1.1224051633158
598,73786.712,3.799726,0.1890097,0.7181850713422
599,73910.92,3.799714,0.1923855,0.7310098777469999
600,74034.58,3.799743,0.180691,0.686579362413
601,74152.788,3.799721,0.1830291,0.6954595148811
602,74277.458,3.799729,0.2996506,1.1385910746874
603,74401.712,3.799724,0.2125407,0.8075959987668
604,74525.398,3.799749,0.2152932,0.8180601214068
605,74649.99500000001,3.799758,0.208532,0.792371135256
606,74774.296,3.799759,0.1994277,0.7577771979243
607,74892.20199999999,3.799752,0.319968,1.215799047936
608,75016.581,3.799747,0.2184344,0.8299954560968
609,75140.528,3.799747,0.1828139,0.6946465680833
610,75258.382,3.799727,0.206912,0.786209113024
611,75382.445,3.799741,0.2059252,0.7824624253732
612,75506.288,3.799727,0.3059,1.1623364892999999
613,75630.73,3.799736,0.1864955,0.708633665188
614,75755.494,3.799748,0.1989849,0.7560924758052
615,75879.225,3.799751,0.174963,0.6648158342130001
616,75997.528,3.799741,0.1972847,0.7496307632627001
617,76121.815,3.799762,0.3111527,1.1823062056574
618,76245.69499999999,3.799763,0.1851137,0.7033881880531
619,76369.575,3.799745,0.1968421,0.7479497852645
620,76493.886,3.799721,0.1799687,0.6838308487327001
621,76617.85500000001,3.799723,0.1781008,0.6767337060784
622,76742.51599999999,3.799706,0.2257755,0.857880522003
623,76867.106,3.799696,0.1572789,0.5976120072144
624,76991.27799999999,3.799712,0.1732295,0.658222209904
625,77115.315,3.799748,0.1559699,0.5926463155852
626,77239.925,3.799749,0.1832826,0.6964278760674
627,77363.795,3.799776,0.1662407,0.6316774220832
628,77487.746,3.799768,0.1725011,0.6554641597447999
629,77606.037,3.799754,0.171197,0.650506485538
630,77730.06700000001,3.799766,0.1628064,0.6186262233023999
631,77854.551,3.799743,0.1711574,0.6503541325482
632,77978.15199999999,3.799722,0.1848208,0.7022676598176001
633,78102.304,3.799731,0.1802448,0.6848817541488
634,78227.35299999999,3.799729,0.1887468,0.7171866896172
635,78351.423,3.799709,0.1845009,0.7010497302381
636,78475.09599999999,3.799728,0.2932078,1.1141098874784001
637,78599.59700000001,3.799742,0.1906274,0.7243349381308001
638,78718.091,3.799753,0.1737367,0.6601565470351
639,78842.02100000001,3.799737,0.184628,0.701537842836
640,78965.888,3.799731,0.1893873,0.7196207948163
641,79083.77299999999,3.79971,0.2768975,1.052130199725
642,79202.145,3.799697,0.1704654,0.6477168689838
643,79326.398,3.799677,0.1601845,0.6086493604065
644,79450.559,3.799717,0.157485,0.5983984317450001
645,79573.89899999999,3.799733,0.1678984,0.6379690911272
646,79698.814,3.799778,0.1797387,0.6829671580086
647,79822.755,3.799763,0.1563537,0.5941070041731
648,79947.22,3.799813,0.1817295,0.6905381165835
649,80071.22,3.799802,0.1838701,0.6986699737202
650,80195.119,3.799811,0.1884328,0.7160090262008001
651,80319.76000000001,3.799798,0.3004793,1.1417606431814
652,80444.486,3.79985,0.1925502,0.73166187747
653,80562.212,3.799811,0.185071,0.703234821581
654,80679.87599999999,3.799781,0.1876264,0.7129392298184
655,80803.81,3.799756,0.1675521,0.6366570972876
656,80928.54800000001,3.799787,0.2536643,0.9638703095041
657,81052.09999999999,3.799763,0.1753076,0.6661273320988
658,81176.386,3.799765,0.1843202,0.7003734447529999
659,81300.781,3.799788,0.1988938,0.7557542745144
660,81419.052,3.79982,0.1703758,0.6473973723559999
661,81536.959,3.799815,0.1596254,0.606546989301
662,81660.893,3.799843,0.1668982,0.6341869569826
663,81784.778,3.799841,0.163039,0.619522276799
664,81902.913,3.799858,0.1613333,0.6130436306714
665,82021.22799999999,3.79984,0.1637775,0.6223282956
666,82145.06,3.799819,0.1812738,0.6888076294422
667,82269.289,3.799807,0.2697362,1.0249455009133999
668,82387.22799999999,3.799806,0.2038899,0.7747420653594
669,82511.45599999999,3.799829,0.192017,0.729631765093
670,82635.51800000001,3.799816,0.1848511,0.7024001673975999
671,82759.743,3.799841,0.1883501,0.7157004323341
672,82884.47499999999,3.79981,0.2537076,0.9640406755559999
673,83008.864,3.799823,0.1742142,0.6619831240866001
674,83132.42099999999,3.799782,0.1571008,0.5969487920256
675,83257.11200000001,3.799798,0.1678441,0.6377736754918
676,83381.219,3.799769,0.1650835,0.6272791657115
677,83505.345,3.799775,0.1630203,0.6194404604325
678,83629.115,3.799785,0.1635033,0.6212773867904999
679,83747.416,3.799788,0.1598724,0.6074812270512
680,83871.84000000001,3.799788,0.1566429,0.5952098117052
681,83995.789,3.7998,0.1562025,0.5935382594999999
682,84119.95400000001,3.7998,0.1651621,0.62758294758
683,84244.584,3.799812,0.1686085,0.640680601602
684,84368.663,3.799833,0.1712007,0.6505340694831
685,84486.059,3.799839,0.1712026,0.6505423163814
686,84610.917,3.799819,0.1602293,0.6088423384966999
687,84735.168,3.799827,0.1606542,0.6104581668234
688,84859.329,3.799812,0.1683511,0.6397025299932001
689,84982.90699999999,3.799776,0.1699604,0.6458114488704001
690,85107.101,3.799778,0.1832335,0.6962466221629999
691,85225.117,3.799788,0.16562,0.6293208885599999
692,85343.676,3.79976,0.2312584,0.878726417984
693,85467.74100000001,3.799735,0.161529,0.6137673948150001
694,85591.542,3.799762,0.6581402,2.5007761226324
695,85716.085,3.799749,0.1557644,0.5918656231356
696,85840.546,3.799747,0.1652334,0.6278451159498
697,85964.79,3.79977,0.1632005,0.620124363885
698,86082.121,3.799791,0.1568919,0.5961564295928999
699,86200.457,3.799801,0.1842173,0.6999890807573
700,86324.632,3.799809,0.4382569,1.6652925129321001
701,86448.837,3.799774,0.1638839,0.6227217822386001
702,86567.08,3.799795,0.2973782,1.129976197469
703,86690.911,3.799782,0.1874371,0.7122201187122
704,86815.033,3.799757,0.180949,0.687562229393
705,86939.432,3.799763,0.1753832,0.6664145941816
706,87063.795,3.799823,0.1725069,0.6554956862786999
707,87187.355,3.799815,0.1965725,0.7469391340875001
708,87312.341,3.799798,0.156274,0.593809632652
709,87436.39899999999,3.799796,0.1555622,0.5911046253112001
710,87553.62100000001,3.799762,0.1571613,0.5971755356106
711,87671.89600000001,3.799716,0.1712386,0.6506580482376
712,87796.021,3.799695,0.2996654,1.138637122053
713,87920.19399999999,3.799729,0.1804072,0.6854984696488
714,88038.22700000001,3.799715,0.1819721,0.6914421179515
715,88164.599,3.799695,0.1828118,0.694629082401
716,88288.074,3.79971,0.1907409,0.724760105139
717,88412.307,3.799696,0.2582334,0.9812084170464
718,88530.945,3.799681,0.1782535,0.6773064371335
719,88654.61899999999,3.799702,0.2502003,0.9506865803105999
720,88779.334,3.799736,0.187896,0.713955195456
721,88903.105,3.799782,0.1937416,0.7361758443312001
722,89027.096,3.799791,0.2634538,1.0010693781558
723,89152.101,3.799811,0.1801386,0.6844926338046
724,89276.368,3.799812,0.1646442,0.6256170068904
725,89400.046,3.799826,0.1583667,0.6017659041942
726,89524.552,3.799786,0.156439,0.5944347220539999
727,89642.705,3.799797,0.2696235,1.0245145664295001
728,89766.565,3.799799,0.1667871,0.6337574557929
729,89890.953,3.799822,0.1622383,0.6164766615826
730,90008.28300000001,3.79983,0.1650572,0.627189300276
731,90132.483,3.79984,0.1780667,0.676624969328
732,90257.286,3.799852,0.234097,0.889533953644
733,90381.24399999999,3.79981,0.1599654,0.607838126574
734,90505.972,3.799784,0.1599987,0.6079605002808
735,90630.16,3.799765,0.2240058,0.851169398637
736,90747.73000000001,3.799769,0.1559485,0.5925682758965
737,90872.333,3.79979,0.2196669,0.834688089951
738,90996.01,3.799798,0.1656611,0.6294787164578001
739,91120.67899999999,3.799824,0.1586454,0.6028245984096
740,91244.897,3.799813,0.1586295,0.6027624362835
741,91368.7,3.799825,0.1641327,0.6236755367775
742,91493.507,3.799817,0.1638115,0.6224537224955
743,91617.65800000001,3.799835,0.1620235,0.6156625661224999
744,91741.175,3.799803,0.1758799,0.6683089716596999
745,91866.002,3.799807,0.1715759,0.6519553058513
746,91990.36099999999,3.799786,0.272564,1.0356848713039999
747,92114.689,3.799748,0.1867119,0.7094581686011999
748,92238.246,3.799718,0.190092,0.722295994056
749,92363.022,3.799715,0.1887558,0.717218244597
750,92487.315,3.799696,0.1865575,0.70886178652
751,92610.737,3.799671,0.2834773,1.0771204759683
752,92734.98999999999,3.799666,0.1647971,0.6261739377686001
753,92859.771,3.799648,0.168896,0.6417453486079999
754,92983.84199999999,3.799656,0.1656777,0.6295182668712
755,93107.712,3.799678,0.157348,0.597871733944
756,93232.4,3.799714,0.1731296,0.6578429649344
757,93349.72,3.799751,0.1702483,0.6469011481733
758,93473.98599999999,3.799776,0.1616221,0.6141277766495999
759,93600.031,3.799783,0.1598058,0.6072273621414
760,93724.919,3.799778,0.1591266,0.6046457538948
761,93848.72300000001,3.79978,0.1642825,0.62423735785
762,93973.163,3.799776,0.1703213,0.6471827880288
763,94097.057,3.799783,0.1690819,0.6424745292277001
764,94221.569,3.799782,0.1794906,0.6820251510492
765,94339.273,3.79979,0.2398911,0.9115358028689999
766,94463.713,3.799775,0.1650109,0.6270042925474999
767,94587.59000000001,3.799752,0.1631762,0.6200290923023999
768,94712.48199999999,3.799711,0.1738136,0.6604414478696
769,94836.608,3.799699,0.1830974,0.6957150076826
770,94960.652,3.799666,0.2785677,1.0584642183882
771,95085.044,3.799637,0.1890097,0.7181682494789
772,95202.845,3.799618,0.1718315,0.652894060367
773,95326.473,3.799646,0.1824478,0.6932370534787999
774,95451.012,3.799682,0.1762755,0.669790844391
775,95569.49500000001,3.799705,0.1789006,0.679769504323
776,95693.462,3.799701,0.1705664,0.6481013206464
777,95817.863,3.799722,0.1755949,0.6672118046178
778,95934.99900000001,3.799733,0.170005,0.645973608665
779,96059.795,3.799685,0.1696177,0.6444938304245
780,96184.212,3.799698,0.1768768,0.6720784232064
781,96308.345,3.799692,0.169513,0.644097189996
782,96432.014,3.799703,0.1742783,0.6622057793449
783,96556.237,3.79968,0.1866745,0.70930336416
784,96680.992,3.799698,0.183535,0.69737757243
785,96804.777,3.799667,0.2811461,1.0682615583487
786,96922.72,3.799671,0.1881687,0.7149791524976999
787,97047.45,3.799665,0.1809531,0.6875611607115001
788,97171.04999999999,3.79965,0.1775789,0.6747376673850001
789,97295.039,3.79963,0.189168,0.7187684078400001
790,97413.699,3.799637,0.3114036,1.1832206404932
791,97537.34199999999,3.799644,0.1773887,0.6740139096228001
792,97661.895,3.799615,0.1717525,0.6525933752875
793,97779.954,3.799633,0.1763702,0.6701420321366001
794,97903.79900000001,3.799673,0.1626686,0.6180874873678
795,98027.829,3.799689,0.1954549,0.7426678335260999
796,98152.718,3.799698,0.1711232,0.6502164807936
797,98276.44499999999,3.799712,0.1818924,0.6911387349888001
798,98400.606,3.799732,0.1918593,0.7290139217076
799,98518.779,3.799693,0.1613391,0.6130390488963
800,98642.51699999999,3.799684,0.2255341,0.8569583112243999
801,98767.029,3.7997,0.1767241,0.67149856277
802,98891.422,3.799704,0.1898783,0.7214813360232001
803,99015.197,3.799715,0.1845014,0.701052737101
804,99140.106,3.799716,0.1893668,0.7195400598288
805,99257.441,3.79972,0.2942495,1.11806571014
806,99381.63799999999,3.799705,0.2060417,0.7828976776984999
807,99506.68400000001,3.799708,0.2012575,0.7647197328099999
808,99630.08899999999,3.799707,0.1897513,0.7209993428691001
809,99754.992,3.79972,0.1975897,0.750785534884
810,99879.23000000001,3.799726,0.2961351,1.1252322389826
811,100002.934,3.799757,0.1892805,0.7192199048385
